Date & Time,Use [kW],Gen [kW],Grid [kW],Solar [kW],Wind[kW]
8/31/2011 23:59,1,4,-3,0,4
09-01-11 00:00,1,4,-3,0,4
09-01-11 00:01,1,4,-3,0,4
09-01-11 00:02,1,4,-3,0,4
09-01-11 00:03,1,4,-3,0,4
09-01-11 00:04,1,4,-3,0,4
09-01-11 00:05,1,4,-3,0,4
09-01-11 00:06,1,4,-3,0,4
09-01-11 00:07,1,4,-3,0,4
09-01-11 00:08,1,4,-3,0,4
09-01-11 00:09,1,4,-3,0,4
09-01-11 00:10,1,4,-3,0,4
09-01-11 00:11,1,4,-3,0,4
09-01-11 00:12,1,4,-3,0,4
09-01-11 00:13,1,4,-3,0,4
09-01-11 00:14,1,4,-3,0,4
09-01-11 00:15,1,4,-3,0,4
09-01-11 00:16,1,4,-3,0,4
09-01-11 00:17,1,4,-3,0,4
09-01-11 00:18,1,4,-3,0,4
09-01-11 00:19,1,4,-3,0,4
09-01-11 00:20,1,4,-3,0,4
09-01-11 00:21,1,4,-3,0,4
09-01-11 00:22,1,4,-3,0,4
09-01-11 00:23,1,4,-3,0,4
09-01-11 00:24,1,4,-3,0,4
09-01-11 00:25,1,4,-3,0,4
09-01-11 00:26,1,4,-3,0,4
09-01-11 00:27,1,4,-3,0,4
09-01-11 00:28,1,4,-3,0,4
09-01-11 00:29,1,4,-3,0,4
09-01-11 00:30,1,4,-3,0,4
09-01-11 00:31,1,4,-3,0,4
09-01-11 00:32,1,4,-3,0,4
09-01-11 00:33,1,4,-3,0,4
09-01-11 00:34,1,4,-3,0,4
09-01-11 00:35,1,4,-3,0,4
09-01-11 00:36,1,4,-3,0,4
09-01-11 00:37,1,4,-3,0,4
09-01-11 00:38,1,4,-3,0,4
09-01-11 00:39,1,4,-3,0,4
09-01-11 00:40,1,4,-3,0,4
09-01-11 00:41,1,4,-3,0,4
09-01-11 00:42,1,4,-3,0,4
09-01-11 00:43,1,4,-3,0,4
09-01-11 00:44,1,4,-3,0,4
09-01-11 00:45,1,4,-3,0,4
09-01-11 00:46,1,4,-3,0,4
09-01-11 00:47,1,4,-3,0,4
09-01-11 00:48,1,4,-3,0,4
09-01-11 00:49,1,4,-3,0,4
09-01-11 00:50,1,4,-3,0,4
09-01-11 00:51,1,4,-3,0,4
09-01-11 00:52,1,4,-3,0,4
09-01-11 00:53,1,4,-3,0,4
09-01-11 00:54,1,4,-3,0,4
09-01-11 00:55,1,4,-3,0,4
09-01-11 00:56,1,4,-3,0,4
09-01-11 00:57,1,4,-3,0,4
09-01-11 00:58,1,4,-3,0,4
09-01-11 00:59,1,4,-3,0,4
09-01-11 01:00,1,4,-3,0,4
09-01-11 01:01,1,4,-3,0,4
09-01-11 01:02,1,4,-3,0,4
09-01-11 01:03,1,4,-3,0,4
09-01-11 01:04,1,4,-3,0,4
09-01-11 01:05,1,4,-3,0,4
09-01-11 01:06,1,4,-3,0,4
09-01-11 01:07,1,4,-3,0,4
09-01-11 01:08,1,4,-3,0,4
09-01-11 01:09,1,4,-3,0,4
09-01-11 01:10,1,4,-3,0,4
09-01-11 01:11,1,4,-3,0,4
09-01-11 01:12,1,4,-3,0,4
09-01-11 01:13,1,4,-3,0,4
09-01-11 01:14,1,4,-3,0,4
09-01-11 01:15,1,4,-3,0,4
09-01-11 01:16,1,4,-3,0,4
09-01-11 01:17,1,4,-3,0,4
09-01-11 01:18,1,4,-3,0,4
09-01-11 01:19,1,4,-3,0,4
09-01-11 01:20,1,4,-3,0,4
09-01-11 01:21,1,4,-3,0,4
09-01-11 01:22,1,4,-3,0,4
09-01-11 01:23,1,4,-3,0,4
09-01-11 01:24,1,4,-3,0,4
09-01-11 01:25,1,4,-3,0,4
09-01-11 01:26,1,4,-3,0,4
09-01-11 01:27,1,4,-3,0,4
09-01-11 01:28,1,4,-3,0,4
09-01-11 01:29,1,4,-3,0,4
09-01-11 01:30,1,4,-3,0,4
09-01-11 01:31,1,4,-3,0,4
09-01-11 01:32,1,4,-3,0,4
09-01-11 01:33,1,4,-3,0,4
09-01-11 01:34,1,4,-3,0,4
09-01-11 01:35,1,4,-3,0,4
09-01-11 01:36,1,4,-3,0,4
09-01-11 01:37,1,4,-3,0,4
09-01-11 01:38,1,4,-3,0,4
09-01-11 01:39,1,4,-3,0,4
09-01-11 01:40,1,4,-3,0,4
09-01-11 01:41,1,4,-3,0,4
09-01-11 01:42,1,4,-3,0,4
09-01-11 01:43,1,4,-3,0,4
09-01-11 01:44,1,4,-3,0,4
09-01-11 01:45,1,4,-3,0,4
09-01-11 01:46,1,4,-3,0,4
09-01-11 01:47,1,4,-3,0,4
09-01-11 01:48,1,4,-3,0,4
09-01-11 01:49,1,4,-3,0,4
09-01-11 01:50,1,4,-3,0,4
09-01-11 01:51,1,4,-3,0,4
09-01-11 01:52,1,4,-3,0,4
09-01-11 01:53,1,4,-3,0,4
09-01-11 01:54,1,4,-3,0,4
09-01-11 01:55,1,4,-3,0,4
09-01-11 01:56,1,4,-3,0,4
09-01-11 01:57,1,4,-3,0,4
09-01-11 01:58,1,4,-3,0,4
09-01-11 01:59,1,4,-3,0,4
09-01-11 02:00,1,4,-3,0,4
09-01-11 02:01,1,4,-3,0,4
09-01-11 02:02,1,4,-3,0,4
09-01-11 02:03,1,4,-3,0,4
09-01-11 02:04,1,4,-3,0,4
09-01-11 02:05,1,4,-3,0,4
09-01-11 02:06,1,4,-3,0,4
09-01-11 02:07,1,4,-3,0,4
09-01-11 02:08,1,4,-3,0,4
09-01-11 02:09,1,4,-3,0,4
09-01-11 02:10,1,4,-3,0,4
09-01-11 02:11,1,4,-3,0,4
09-01-11 02:12,1,4,-3,0,4
09-01-11 02:13,1,4,-3,0,4
09-01-11 02:14,1,4,-3,0,4
09-01-11 02:15,1,4,-3,0,4
09-01-11 02:16,1,4,-3,0,4
09-01-11 02:17,1,4,-3,0,4
09-01-11 02:18,1,4,-3,0,4
09-01-11 02:19,1,4,-3,0,4
09-01-11 02:20,1,4,-3,0,4
09-01-11 02:21,1,4,-3,0,4
09-01-11 02:22,1,4,-3,0,4
09-01-11 02:23,1,4,-3,0,4
09-01-11 02:24,1,4,-3,0,4
09-01-11 02:25,1,4,-3,0,4
09-01-11 02:26,1,4,-3,0,4
09-01-11 02:27,1,4,-3,0,4
09-01-11 02:28,1,4,-3,0,4
09-01-11 02:29,1,4,-3,0,4
09-01-11 02:30,1,4,-3,0,4
09-01-11 02:31,1,4,-3,0,4
09-01-11 02:32,1,4,-3,0,4
09-01-11 02:33,1,4,-3,0,4
09-01-11 02:34,1,4,-3,0,4
09-01-11 02:35,1,4,-3,0,4
09-01-11 02:36,1,4,-3,0,4
09-01-11 02:37,1,4,-3,0,4
09-01-11 02:38,1,4,-3,0,4
09-01-11 02:39,1,4,-3,0,4
09-01-11 02:40,1,4,-3,0,4
09-01-11 02:41,1,4,-3,0,4
09-01-11 02:42,1,4,-3,0,4
09-01-11 02:43,1,4,-3,0,4
09-01-11 02:44,1,4,-3,0,4
09-01-11 02:45,1,4,-3,0,4
09-01-11 02:46,1,4,-3,0,4
09-01-11 02:47,1,4,-3,0,4
09-01-11 02:48,1,4,-3,0,4
09-01-11 02:49,1,4,-3,0,4
09-01-11 02:50,1,4,-3,0,4
09-01-11 02:51,1,4,-3,0,4
09-01-11 02:52,1,4,-3,0,4
09-01-11 02:53,1,4,-3,0,4
09-01-11 02:54,1,4,-3,0,4
09-01-11 02:55,1,4,-3,0,4
09-01-11 02:56,1,4,-3,0,4
09-01-11 02:57,1,4,-3,0,4
09-01-11 02:58,1,4,-3,0,4
09-01-11 02:59,1,4,-3,0,4
09-01-11 03:00,1,4,-3,0,4
09-01-11 03:01,1,4,-3,0,4
09-01-11 03:02,1,4,-3,0,4
09-01-11 03:03,1,4,-3,0,4
09-01-11 03:04,1,4,-3,0,4
09-01-11 03:05,1,4,-3,0,4
09-01-11 03:06,1,4,-3,0,4
09-01-11 03:07,1,4,-3,0,4
09-01-11 03:08,1,4,-3,0,4
09-01-11 03:09,1,4,-3,0,4
09-01-11 03:10,1,4,-3,0,4
09-01-11 03:11,1,4,-3,0,4
09-01-11 03:12,1,4,-3,0,4
09-01-11 03:13,1,4,-3,0,4
09-01-11 03:14,1,4,-3,0,4
09-01-11 03:15,1,4,-3,0,4
09-01-11 03:16,1,4,-3,0,4
09-01-11 03:17,1,4,-3,0,4
09-01-11 03:18,1,4,-3,0,4
09-01-11 03:19,1,4,-3,0,4
09-01-11 03:20,1,4,-3,0,4
09-01-11 03:21,1,4,-3,0,4
09-01-11 03:22,1,4,-3,0,4
09-01-11 03:23,1,4,-3,0,4
09-01-11 03:24,1,4,-3,0,4
09-01-11 03:25,1,4,-3,0,4
09-01-11 03:26,1,4,-3,0,4
09-01-11 03:27,1,4,-3,0,4
09-01-11 03:28,1,4,-3,0,4
09-01-11 03:29,1,4,-3,0,4
09-01-11 03:30,1,4,-3,0,4
09-01-11 03:31,1,4,-3,0,4
09-01-11 03:32,1,4,-3,0,4
09-01-11 03:33,1,4,-3,0,4
09-01-11 03:34,1,4,-3,0,4
09-01-11 03:35,1,4,-3,0,4
09-01-11 03:36,1,4,-3,0,4
09-01-11 03:37,1,4,-3,0,4
09-01-11 03:38,1,4,-3,0,4
09-01-11 03:39,1,4,-3,0,4
09-01-11 03:40,1,4,-3,0,4
09-01-11 03:41,1,4,-3,0,4
09-01-11 03:42,1,4,-3,0,4
09-01-11 03:43,1,4,-3,0,4
09-01-11 03:44,1,4,-3,0,4
09-01-11 03:45,1,4,-3,0,4
09-01-11 03:46,1,4,-3,0,4
09-01-11 03:47,1,4,-3,0,4
09-01-11 03:48,1,4,-3,0,4
09-01-11 03:49,1,4,-3,0,4
09-01-11 03:50,1,4,-3,0,4
09-01-11 03:51,1,4,-3,0,4
09-01-11 03:52,1,4,-3,0,4
09-01-11 03:53,1,4,-3,0,4
09-01-11 03:54,1,4,-3,0,4
09-01-11 03:55,1,4,-3,0,4
09-01-11 03:56,1,4,-3,0,4
09-01-11 03:57,1,4,-3,0,4
09-01-11 03:58,1,4,-3,0,4
09-01-11 03:59,1,4,-3,0,4
09-01-11 04:00,1,4,-3,0,4
09-01-11 04:01,1,4,-3,0,4
09-01-11 04:02,1,4,-3,0,4
09-01-11 04:03,1,4,-3,0,4
09-01-11 04:04,1,4,-3,0,4
09-01-11 04:05,1,4,-3,0,4
09-01-11 04:06,1,4,-3,0,4
09-01-11 04:07,1,4,-3,0,4
09-01-11 04:08,1,4,-3,0,4
09-01-11 04:09,1,4,-3,0,4
09-01-11 04:10,1,4,-3,0,4
09-01-11 04:11,1,4,-3,0,4
09-01-11 04:12,1,4,-3,0,4
09-01-11 04:13,1,4,-3,0,4
09-01-11 04:14,1,4,-3,0,4
09-01-11 04:15,1,4,-3,0,4
09-01-11 04:16,1,4,-3,0,4
09-01-11 04:17,1,4,-3,0,4
09-01-11 04:18,1,4,-3,0,4
09-01-11 04:19,1,4,-3,0,4
09-01-11 04:20,1,4,-3,0,4
09-01-11 04:21,1,4,-3,0,4
09-01-11 04:22,1,4,-3,0,4
09-01-11 04:23,1,4,-3,0,4
09-01-11 04:24,1,4,-3,0,4
09-01-11 04:25,1,4,-3,0,4
09-01-11 04:26,1,4,-3,0,4
09-01-11 04:27,1,4,-3,0,4
09-01-11 04:28,1,4,-3,0,4
09-01-11 04:29,1,4,-3,0,4
09-01-11 04:30,1,4,-3,0,4
09-01-11 04:31,1,4,-3,0,4
09-01-11 04:32,1,4,-3,0,4
09-01-11 04:33,1,4,-3,0,4
09-01-11 04:34,1,4,-3,0,4
09-01-11 04:35,1,4,-3,0,4
09-01-11 04:36,1,4,-3,0,4
09-01-11 04:37,1,4,-3,0,4
09-01-11 04:38,1,4,-3,0,4
09-01-11 04:39,1,4,-3,0,4
09-01-11 04:40,1,4,-3,0,4
09-01-11 04:41,1,4,-3,0,4
09-01-11 04:42,1,4,-3,0,4
09-01-11 04:43,1,4,-3,0,4
09-01-11 04:44,1,4,-3,0,4
09-01-11 04:45,1,4,-3,0,4
09-01-11 04:46,1,4,-3,0,4
09-01-11 04:47,1,4,-3,0,4
09-01-11 04:48,1,4,-3,0,4
09-01-11 04:49,1,4,-3,0,4
09-01-11 04:50,1,4,-3,0,4
09-01-11 04:51,1,4,-3,0,4
09-01-11 04:52,1,4,-3,0,4
09-01-11 04:53,1,4,-3,0,4
09-01-11 04:54,1,4,-3,0,4
09-01-11 04:55,1,4,-3,0,4
09-01-11 04:56,1,4,-3,0,4
09-01-11 04:57,1,4,-3,0,4
09-01-11 04:58,1,4,-3,0,4
09-01-11 04:59,1,4,-3,0,4
09-01-11 05:00,1,4,-3,0,4
09-01-11 05:01,1,4,-3,0,4
09-01-11 05:02,1,4,-3,0,4
09-01-11 05:03,1,4,-3,0,4
09-01-11 05:04,1,4,-3,0,4
09-01-11 05:05,1,4,-3,0,4
09-01-11 05:06,1,4,-3,0,4
09-01-11 05:07,1,4,-3,0,4
09-01-11 05:08,1,4,-3,0,4
09-01-11 05:09,1,4,-3,0,4
09-01-11 05:10,1,4,-3,0,4
09-01-11 05:11,1,4,-3,0,4
09-01-11 05:12,1,4,-3,0,4
09-01-11 05:13,1,4,-3,0,4
09-01-11 05:14,1,4,-3,0,4
09-01-11 05:15,1,4,-3,0,4
09-01-11 05:16,1,4,-3,0,4
09-01-11 05:17,1,4,-3,0,4
09-01-11 05:18,1,4,-3,0,4
09-01-11 05:19,1,4,-3,0,4
09-01-11 05:20,1,4,-3,0,4
09-01-11 05:21,1,4,-3,0,4
09-01-11 05:22,1,4,-3,0,4
09-01-11 05:23,1,4,-3,0,4
09-01-11 05:24,1,4,-3,0,4
09-01-11 05:25,1,4,-3,0,4
09-01-11 05:26,1,4,-3,0,4
09-01-11 05:27,1,4,-3,0,4
09-01-11 05:28,1,4,-3,0,4
09-01-11 05:29,1,4,-3,0,4
09-01-11 05:30,1,4,-3,0,4
09-01-11 05:31,1,4,-3,0,4
09-01-11 05:32,1,4,-3,0,4
09-01-11 05:33,1,4,-3,0,4
09-01-11 05:34,1,4,-3,0,4
09-01-11 05:35,1,4,-3,0,4
09-01-11 05:36,1,4,-3,0,4
09-01-11 05:37,1,4,-3,0,4
09-01-11 05:38,1,4,-3,0,4
09-01-11 05:39,1,4,-3,0,4
09-01-11 05:40,1,4,-3,0,4
09-01-11 05:41,1,4,-3,0,4
09-01-11 05:42,1,4,-3,0,4
09-01-11 05:43,1,4,-3,0,4
09-01-11 05:44,1,4,-3,0,4
09-01-11 05:45,1,4,-3,0,4
09-01-11 05:46,1,4,-3,0,4
09-01-11 05:47,1,4,-3,0,4
09-01-11 05:48,1,4,-3,0,4
09-01-11 05:49,1,4,-3,0,4
09-01-11 05:50,1,4,-3,0,4
09-01-11 05:51,1,4,-3,0,4
09-01-11 05:52,1,4,-3,0,4
09-01-11 05:53,1,4,-3,0,4
09-01-11 05:54,1,4,-3,0,4
09-01-11 05:55,1,4,-3,0,4
09-01-11 05:56,1,4,-3,0,4
09-01-11 05:57,1,4,-3,0,4
09-01-11 05:58,1,4,-3,0,4
09-01-11 05:59,1.033,4,-2.967,0,4
09-01-11 06:00,1.066,4,-2.934,0,4
09-01-11 06:01,1.099,4,-2.901,0,4
09-01-11 06:02,1.132,4,-2.868,0,4
09-01-11 06:03,1.165,4,-2.835,0,4
09-01-11 06:04,1.198,4,-2.802,0,4
09-01-11 06:05,1.231,4,-2.769,0,4
09-01-11 06:06,1.264,4,-2.736,0,4
09-01-11 06:07,1.297,4,-2.703,0,4
09-01-11 06:08,1.33,4,-2.67,0,4
09-01-11 06:09,1.363,4,-2.637,0,4
09-01-11 06:10,1.396,4,-2.604,0,4
09-01-11 06:11,1.429,4,-2.571,0,4
09-01-11 06:12,1.462,4,-2.538,0,4
09-01-11 06:13,1.495,4,-2.505,0,4
09-01-11 06:14,1.528,4,-2.472,0,4
09-01-11 06:15,1.561,4,-2.439,0,4
09-01-11 06:16,1.594,4,-2.406,0,4
09-01-11 06:17,1.627,4,-2.373,0,4
09-01-11 06:18,1.66,4,-2.34,0,4
09-01-11 06:19,1.693,4,-2.307,0,4
09-01-11 06:20,1.726,4,-2.274,0,4
09-01-11 06:21,1.759,4,-2.241,0,4
09-01-11 06:22,1.792,4,-2.208,0,4
09-01-11 06:23,1.825,4,-2.175,0,4
09-01-11 06:24,1.858,4,-2.142,0,4
09-01-11 06:25,1.891,4,-2.109,0,4
09-01-11 06:26,1.924,4,-2.076,0,4
09-01-11 06:27,1.957,4,-2.043,0,4
09-01-11 06:28,1.99,4,-2.01,0,4
09-01-11 06:29,2.023,4,-1.977,0,4
09-01-11 06:30,2.056,4,-1.944,0,4
09-01-11 06:31,2.089,4,-1.911,0,4
09-01-11 06:32,2.122,4,-1.878,0,4
09-01-11 06:33,2.155,4,-1.845,0,4
09-01-11 06:34,2.188,4,-1.812,0,4
09-01-11 06:35,2.221,4,-1.779,0,4
09-01-11 06:36,2.254,4,-1.746,0,4
09-01-11 06:37,2.287,4,-1.713,0,4
09-01-11 06:38,2.32,4,-1.68,0,4
09-01-11 06:39,2.353,4,-1.647,0,4
09-01-11 06:40,2.386,4,-1.614,0,4
09-01-11 06:41,2.419,4,-1.581,0,4
09-01-11 06:42,2.452,4,-1.548,0,4
09-01-11 06:43,2.485,4,-1.515,0,4
09-01-11 06:44,2.518,4,-1.482,0,4
09-01-11 06:45,2.551,4,-1.449,0,4
09-01-11 06:46,2.584,4,-1.416,0,4
09-01-11 06:47,2.617,4,-1.383,0,4
09-01-11 06:48,2.65,4,-1.35,0,4
09-01-11 06:49,2.683,4,-1.317,0,4
09-01-11 06:50,2.716,4,-1.284,0,4
09-01-11 06:51,2.749,4,-1.251,0,4
09-01-11 06:52,2.782,4,-1.218,0,4
09-01-11 06:53,2.815,4,-1.185,0,4
09-01-11 06:54,2.848,4,-1.152,0,4
09-01-11 06:55,2.881,4,-1.119,0,4
09-01-11 06:56,2.914,4,-1.086,0,4
09-01-11 06:57,2.947,4,-1.053,0,4
09-01-11 06:58,3,4,-1,0,4
09-01-11 06:59,3,4,-1,0,4
09-01-11 07:00,3,4,-1,0,4
09-01-11 07:01,3,4,-1,0,4
09-01-11 07:02,3,4,-1,0,4
09-01-11 07:03,3,4,-1,0,4
09-01-11 07:04,3,4,-1,0,4
09-01-11 07:05,3,4,-1,0,4
09-01-11 07:06,3,4,-1,0,4
09-01-11 07:07,3,4,-1,0,4
09-01-11 07:08,3,4,-1,0,4
09-01-11 07:09,3,4,-1,0,4
09-01-11 07:10,3,4,-1,0,4
09-01-11 07:11,3,4,-1,0,4
09-01-11 07:12,3,4,-1,0,4
09-01-11 07:13,3,4,-1,0,4
09-01-11 07:14,3,4,-1,0,4
09-01-11 07:15,3,4,-1,0,4
09-01-11 07:16,3,4,-1,0,4
09-01-11 07:17,3,4,-1,0,4
09-01-11 07:18,3,4,-1,0,4
09-01-11 07:19,3,4,-1,0,4
09-01-11 07:20,3,4,-1,0,4
09-01-11 07:21,3,4,-1,0,4
09-01-11 07:22,3,4,-1,0,4
09-01-11 07:23,3,4,-1,0,4
09-01-11 07:24,3,4,-1,0,4
09-01-11 07:25,3,4,-1,0,4
09-01-11 07:26,3,4,-1,0,4
09-01-11 07:27,3,4,-1,0,4
09-01-11 07:28,3,4,-1,0,4
09-01-11 07:29,3,4,-1,0,4
09-01-11 07:30,3,4,-1,0,4
09-01-11 07:31,3,4,-1,0,4
09-01-11 07:32,3,4,-1,0,4
09-01-11 07:33,3,4,-1,0,4
09-01-11 07:34,3,4,-1,0,4
09-01-11 07:35,3,4,-1,0,4
09-01-11 07:36,3,4,-1,0,4
09-01-11 07:37,3,4,-1,0,4
09-01-11 07:38,3,4,-1,0,4
09-01-11 07:39,3,4,-1,0,4
09-01-11 07:40,3,4,-1,0,4
09-01-11 07:41,3,4,-1,0,4
09-01-11 07:42,3,4,-1,0,4
09-01-11 07:43,3,4,-1,0,4
09-01-11 07:44,3,4,-1,0,4
09-01-11 07:45,3,4,-1,0,4
09-01-11 07:46,3,4,-1,0,4
09-01-11 07:47,3,4,-1,0,4
09-01-11 07:48,3,4,-1,0,4
09-01-11 07:49,3,4,-1,0,4
09-01-11 07:50,3,4,-1,0,4
09-01-11 07:51,3,4,-1,0,4
09-01-11 07:52,2.971,4,-1.029,0,4
09-01-11 07:53,2.942,4,-1.058,0,4
09-01-11 07:54,2.913,4,-1.087,0,4
09-01-11 07:55,2.884,4,-1.116,0,4
09-01-11 07:56,2.855,4,-1.145,0,4
09-01-11 07:57,2.826,4,-1.174,0,4
09-01-11 07:58,2.797,4,-1.203,0,4
09-01-11 07:59,2.768,4,-1.232,0,4
09-01-11 08:00,2.739,4,-1.261,0,4
09-01-11 08:01,2.71,4,-1.29,0,4
09-01-11 08:02,2.681,4,-1.319,0,4
09-01-11 08:03,2.652,4,-1.348,0,4
09-01-11 08:04,2.623,4,-1.377,0,4
09-01-11 08:05,2.594,4,-1.406,0,4
09-01-11 08:06,2.565,4,-1.435,0,4
09-01-11 08:07,2.536,4,-1.464,0,4
09-01-11 08:08,2.507,4,-1.493,0,4
09-01-11 08:09,2.478,4,-1.522,0,4
09-01-11 08:10,2.449,4,-1.551,0,4
09-01-11 08:11,2.42,4,-1.58,0,4
09-01-11 08:12,2.391,4,-1.609,0,4
09-01-11 08:13,2.362,4,-1.638,0,4
09-01-11 08:14,2.333,4,-1.667,0,4
09-01-11 08:15,2.304,4,-1.696,0,4
09-01-11 08:16,2.275,4,-1.725,0,4
09-01-11 08:17,2.246,4,-1.754,0,4
09-01-11 08:18,2.217,4,-1.783,0,4
09-01-11 08:19,2.188,4,-1.812,0,4
09-01-11 08:20,2.159,4,-1.841,0,4
09-01-11 08:21,2.13,4,-1.87,0,4
09-01-11 08:22,2.101,4,-1.899,0,4
09-01-11 08:23,2.072,4,-1.928,0,4
09-01-11 08:24,2.043,4,-1.957,0,4
09-01-11 08:25,2.014,4,-1.986,0,4
09-01-11 08:26,1.985,4,-2.015,0,4
09-01-11 08:27,1.956,4,-2.044,0,4
09-01-11 08:28,1.927,4,-2.073,0,4
09-01-11 08:29,1.898,4,-2.102,0,4
09-01-11 08:30,1.869,4,-2.131,0,4
09-01-11 08:31,1.84,4,-2.16,0,4
09-01-11 08:32,1.811,4,-2.189,0,4
09-01-11 08:33,1.782,4,-2.218,0,4
09-01-11 08:34,1.753,4,-2.247,0,4
09-01-11 08:35,1.724,4,-2.276,0,4
09-01-11 08:36,1.695,4,-2.305,0,4
09-01-11 08:37,1.666,4,-2.334,0,4
09-01-11 08:38,1.637,4,-2.363,0,4
09-01-11 08:39,1.608,4,-2.392,0,4
09-01-11 08:40,1.579,4,-2.421,0,4
09-01-11 08:41,1.55,4,-2.45,0,4
09-01-11 08:42,1.521,4,-2.479,0,4
09-01-11 08:43,1.492,4,-2.508,0,4
09-01-11 08:44,1.463,4,-2.537,0,4
09-01-11 08:45,1.434,4,-2.566,0,4
09-01-11 08:46,1.405,4,-2.595,0,4
09-01-11 08:47,1.376,4,-2.624,0,4
09-01-11 08:48,1.347,4,-2.653,0,4
09-01-11 08:49,1.318,4,-2.682,0,4
09-01-11 08:50,1.289,4,-2.711,0,4
09-01-11 08:51,1.26,4,-2.74,0,4
09-01-11 08:52,1.25,4,-2.75,0,4
09-01-11 08:53,1.25,4,-2.75,0,4
09-01-11 08:54,1.25,4,-2.75,0,4
09-01-11 08:55,1.25,4,-2.75,0,4
09-01-11 08:56,1.25,4,-2.75,0,4
09-01-11 08:57,1.25,4,-2.75,0,4
09-01-11 08:58,1.25,4,-2.75,0,4
09-01-11 08:59,1.25,4,-2.75,0,4
09-01-11 09:00,1.25,4,-2.75,0,4
09-01-11 09:01,1.25,4,-2.75,0,4
09-01-11 09:02,1.25,4,-2.75,0,4
09-01-11 09:03,1.25,4,-2.75,0,4
09-01-11 09:04,1.25,4,-2.75,0,4
09-01-11 09:05,1.25,4,-2.75,0,4
09-01-11 09:06,1.25,4,-2.75,0,4
09-01-11 09:07,1.25,4,-2.75,0,4
09-01-11 09:08,1.25,4,-2.75,0,4
09-01-11 09:09,1.25,4,-2.75,0,4
09-01-11 09:10,1.25,4,-2.75,0,4
09-01-11 09:11,1.25,4,-2.75,0,4
09-01-11 09:12,1.25,4,-2.75,0,4
09-01-11 09:13,1.25,4,-2.75,0,4
09-01-11 09:14,1.25,4,-2.75,0,4
09-01-11 09:15,1.25,4,-2.75,0,4
09-01-11 09:16,1.25,4,-2.75,0,4
09-01-11 09:17,1.25,4,-2.75,0,4
09-01-11 09:18,1.25,4,-2.75,0,4
09-01-11 09:19,1.25,4,-2.75,0,4
09-01-11 09:20,1.25,4,-2.75,0,4
09-01-11 09:21,1.25,4,-2.75,0,4
09-01-11 09:22,1.25,4,-2.75,0,4
09-01-11 09:23,1.25,4,-2.75,0,4
09-01-11 09:24,1.25,4,-2.75,0,4
09-01-11 09:25,1.25,4,-2.75,0,4
09-01-11 09:26,1.25,4,-2.75,0,4
09-01-11 09:27,1.25,4,-2.75,0,4
09-01-11 09:28,1.25,4,-2.75,0,4
09-01-11 09:29,1.25,4,-2.75,0,4
09-01-11 09:30,1.25,4,-2.75,0,4
09-01-11 09:31,1.25,4,-2.75,0,4
09-01-11 09:32,1.25,4,-2.75,0,4
09-01-11 09:33,1.25,4,-2.75,0,4
09-01-11 09:34,1.25,4,-2.75,0,4
09-01-11 09:35,1.25,4,-2.75,0,4
09-01-11 09:36,1.25,4,-2.75,0,4
09-01-11 09:37,1.25,4,-2.75,0,4
09-01-11 09:38,1.25,4,-2.75,0,4
09-01-11 09:39,1.25,4,-2.75,0,4
09-01-11 09:40,1.25,4,-2.75,0,4
09-01-11 09:41,1.25,4,-2.75,0,4
09-01-11 09:42,1.25,4,-2.75,0,4
09-01-11 09:43,1.25,4,-2.75,0,4
09-01-11 09:44,1.25,4,-2.75,0,4
09-01-11 09:45,1.25,4,-2.75,0,4
09-01-11 09:46,1.25,4,-2.75,0,4
09-01-11 09:47,1.25,4,-2.75,0,4
09-01-11 09:48,1.25,4,-2.75,0,4
09-01-11 09:49,1.25,4,-2.75,0,4
09-01-11 09:50,1.25,4,-2.75,0,4
09-01-11 09:51,1.25,4,-2.75,0,4
09-01-11 09:52,1.25,4,-2.75,0,4
09-01-11 09:53,1.25,4,-2.75,0,4
09-01-11 09:54,1.25,4,-2.75,0,4
09-01-11 09:55,1.25,4,-2.75,0,4
09-01-11 09:56,1.25,4,-2.75,0,4
09-01-11 09:57,1.25,4,-2.75,0,4
09-01-11 09:58,1.25,4,-2.75,0,4
09-01-11 09:59,1.25,4,-2.75,0,4
09-01-11 10:00,1.25,4,-2.75,0,4
09-01-11 10:01,1.25,4,-2.75,0,4
09-01-11 10:02,1.25,4,-2.75,0,4
09-01-11 10:03,1.25,4,-2.75,0,4
09-01-11 10:04,1.25,4,-2.75,0,4
09-01-11 10:05,1.25,4,-2.75,0,4
09-01-11 10:06,1.25,4,-2.75,0,4
09-01-11 10:07,1.25,4,-2.75,0,4
09-01-11 10:08,1.25,4,-2.75,0,4
09-01-11 10:09,1.25,4,-2.75,0,4
09-01-11 10:10,1.25,4,-2.75,0,4
09-01-11 10:11,1.25,4,-2.75,0,4
09-01-11 10:12,1.25,4,-2.75,0,4
09-01-11 10:13,1.25,4,-2.75,0,4
09-01-11 10:14,1.25,4,-2.75,0,4
09-01-11 10:15,1.25,4,-2.75,0,4
09-01-11 10:16,1.25,4,-2.75,0,4
09-01-11 10:17,1.25,4,-2.75,0,4
09-01-11 10:18,1.25,4,-2.75,0,4
09-01-11 10:19,1.25,4,-2.75,0,4
09-01-11 10:20,1.25,4,-2.75,0,4
09-01-11 10:21,1.25,4,-2.75,0,4
09-01-11 10:22,1.25,4,-2.75,0,4
09-01-11 10:23,1.25,4,-2.75,0,4
09-01-11 10:24,1.25,4,-2.75,0,4
09-01-11 10:25,1.25,4,-2.75,0,4
09-01-11 10:26,1.25,4,-2.75,0,4
09-01-11 10:27,1.25,4,-2.75,0,4
09-01-11 10:28,1.25,4,-2.75,0,4
09-01-11 10:29,1.25,4,-2.75,0,4
09-01-11 10:30,1.25,4,-2.75,0,4
09-01-11 10:31,1.25,4,-2.75,0,4
09-01-11 10:32,1.25,4,-2.75,0,4
09-01-11 10:33,1.25,4,-2.75,0,4
09-01-11 10:34,1.25,4,-2.75,0,4
09-01-11 10:35,1.25,4,-2.75,0,4
09-01-11 10:36,1.25,4,-2.75,0,4
09-01-11 10:37,1.25,4,-2.75,0,4
09-01-11 10:38,1.25,4,-2.75,0,4
09-01-11 10:39,1.25,4,-2.75,0,4
09-01-11 10:40,1.25,4,-2.75,0,4
09-01-11 10:41,1.25,4,-2.75,0,4
09-01-11 10:42,1.25,4,-2.75,0,4
09-01-11 10:43,1.25,4,-2.75,0,4
09-01-11 10:44,1.25,4,-2.75,0,4
09-01-11 10:45,1.25,4,-2.75,0,4
09-01-11 10:46,1.25,4,-2.75,0,4
09-01-11 10:47,1.25,4,-2.75,0,4
09-01-11 10:48,1.25,4,-2.75,0,4
09-01-11 10:49,1.25,4,-2.75,0,4
09-01-11 10:50,1.25,4,-2.75,0,4
09-01-11 10:51,1.25,4,-2.75,0,4
09-01-11 10:52,1.25,4,-2.75,0,4
09-01-11 10:53,1.25,4,-2.75,0,4
09-01-11 10:54,1.25,4,-2.75,0,4
09-01-11 10:55,1.25,4,-2.75,0,4
09-01-11 10:56,1.25,4,-2.75,0,4
09-01-11 10:57,1.25,4,-2.75,0,4
09-01-11 10:58,1.25,4,-2.75,0,4
09-01-11 10:59,1.25,4,-2.75,0,4
09-01-11 11:00,1.25,4,-2.75,0,4
09-01-11 11:01,1.25,4,-2.75,0,4
09-01-11 11:02,1.25,4,-2.75,0,4
09-01-11 11:03,1.25,4,-2.75,0,4
09-01-11 11:04,1.25,4,-2.75,0,4
09-01-11 11:05,1.25,4,-2.75,0,4
09-01-11 11:06,1.25,4,-2.75,0,4
09-01-11 11:07,1.25,4,-2.75,0,4
09-01-11 11:08,1.25,4,-2.75,0,4
09-01-11 11:09,1.25,4,-2.75,0,4
09-01-11 11:10,1.25,4,-2.75,0,4
09-01-11 11:11,1.25,4,-2.75,0,4
09-01-11 11:12,1.25,4,-2.75,0,4
09-01-11 11:13,1.25,4,-2.75,0,4
09-01-11 11:14,1.25,4,-2.75,0,4
09-01-11 11:15,1.25,4,-2.75,0,4
09-01-11 11:16,1.25,4,-2.75,0,4
09-01-11 11:17,1.25,4,-2.75,0,4
09-01-11 11:18,1.25,4,-2.75,0,4
09-01-11 11:19,1.25,4,-2.75,0,4
09-01-11 11:20,1.25,4,-2.75,0,4
09-01-11 11:21,1.25,4,-2.75,0,4
09-01-11 11:22,1.25,4,-2.75,0,4
09-01-11 11:23,1.25,4,-2.75,0,4
09-01-11 11:24,1.25,4,-2.75,0,4
09-01-11 11:25,1.25,4,-2.75,0,4
09-01-11 11:26,1.25,4,-2.75,0,4
09-01-11 11:27,1.25,4,-2.75,0,4
09-01-11 11:28,1.2625,4,-2.7375,0,4
09-01-11 11:29,1.275,4,-2.725,0,4
09-01-11 11:30,1.2875,4,-2.7125,0,4
09-01-11 11:31,1.3,4,-2.7,0,4
09-01-11 11:32,1.3125,4,-2.6875,0,4
09-01-11 11:33,1.325,4,-2.675,0,4
09-01-11 11:34,1.3375,4,-2.6625,0,4
09-01-11 11:35,1.35,4,-2.65,0,4
09-01-11 11:36,1.3625,4,-2.6375,0,4
09-01-11 11:37,1.375,4,-2.625,0,4
09-01-11 11:38,1.3875,4,-2.6125,0,4
09-01-11 11:39,1.4,4,-2.6,0,4
09-01-11 11:40,1.4125,4,-2.5875,0,4
09-01-11 11:41,1.425,4,-2.575,0,4
09-01-11 11:42,1.4375,4,-2.5625,0,4
09-01-11 11:43,1.45,4,-2.55,0,4
09-01-11 11:44,1.4625,4,-2.5375,0,4
09-01-11 11:45,1.475,4,-2.525,0,4
09-01-11 11:46,1.4875,4,-2.5125,0,4
09-01-11 11:47,1.5,4,-2.5,0,4
09-01-11 11:48,1.5125,4,-2.4875,0,4
09-01-11 11:49,1.525,4,-2.475,0,4
09-01-11 11:50,1.5375,4,-2.4625,0,4
09-01-11 11:51,1.55,4,-2.45,0,4
09-01-11 11:52,1.5625,4,-2.4375,0,4
09-01-11 11:53,1.575,4,-2.425,0,4
09-01-11 11:54,1.5875,4,-2.4125,0,4
09-01-11 11:55,1.6,4,-2.4,0,4
09-01-11 11:56,1.6125,4,-2.3875,0,4
09-01-11 11:57,1.625,4,-2.375,0,4
09-01-11 11:58,1.6375,4,-2.3625,0,4
09-01-11 11:59,1.65,4,-2.35,0,4
09-01-11 12:00,1.6625,4,-2.3375,0,4
09-01-11 12:01,1.675,4,-2.325,0,4
09-01-11 12:02,1.6875,4,-2.3125,0,4
09-01-11 12:03,1.7,4,-2.3,0,4
09-01-11 12:04,1.7125,4,-2.2875,0,4
09-01-11 12:05,1.725,4,-2.275,0,4
09-01-11 12:06,1.7375,4,-2.2625,0,4
09-01-11 12:07,1.75,4,-2.25,0,4
09-01-11 12:08,1.7625,4,-2.2375,0,4
09-01-11 12:09,1.775,4,-2.225,0,4
09-01-11 12:10,1.7875,4,-2.2125,0,4
09-01-11 12:11,1.8,4,-2.2,0,4
09-01-11 12:12,1.8125,4,-2.1875,0,4
09-01-11 12:13,1.825,4,-2.175,0,4
09-01-11 12:14,1.8375,4,-2.1625,0,4
09-01-11 12:15,1.85,4,-2.15,0,4
09-01-11 12:16,1.8625,4,-2.1375,0,4
09-01-11 12:17,1.875,4,-2.125,0,4
09-01-11 12:18,1.8875,4,-2.1125,0,4
09-01-11 12:19,1.9,4,-2.1,0,4
09-01-11 12:20,1.9125,4,-2.0875,0,4
09-01-11 12:21,1.925,4,-2.075,0,4
09-01-11 12:22,1.9375,4,-2.0625,0,4
09-01-11 12:23,1.95,4,-2.05,0,4
09-01-11 12:24,1.9625,4,-2.0375,0,4
09-01-11 12:25,1.975,4,-2.025,0,4
09-01-11 12:26,1.9875,4,-2.0125,0,4
09-01-11 12:27,2,4,-2,0,4
09-01-11 12:28,2,4,-2,0,4
09-01-11 12:29,2,4,-2,0,4
09-01-11 12:30,2,4,-2,0,4
09-01-11 12:31,2,4,-2,0,4
09-01-11 12:32,2,4,-2,0,4
09-01-11 12:33,2,4,-2,0,4
09-01-11 12:34,2,4,-2,0,4
09-01-11 12:35,2,4,-2,0,4
09-01-11 12:36,2,4,-2,0,4
09-01-11 12:37,2,4,-2,0,4
09-01-11 12:38,2,4,-2,0,4
09-01-11 12:39,2,4,-2,0,4
09-01-11 12:40,2,4,-2,0,4
09-01-11 12:41,2,4,-2,0,4
09-01-11 12:42,2,4,-2,0,4
09-01-11 12:43,2,4,-2,0,4
09-01-11 12:44,2,4,-2,0,4
09-01-11 12:45,2,4,-2,0,4
09-01-11 12:46,2,4,-2,0,4
09-01-11 12:47,2,4,-2,0,4
09-01-11 12:48,2,4,-2,0,4
09-01-11 12:49,2,4,-2,0,4
09-01-11 12:50,2,4,-2,0,4
09-01-11 12:51,2,4,-2,0,4
09-01-11 12:52,2,4,-2,0,4
09-01-11 12:53,2,4,-2,0,4
09-01-11 12:54,2,4,-2,0,4
09-01-11 12:55,2,4,-2,0,4
09-01-11 12:56,2,4,-2,0,4
09-01-11 12:57,2,4,-2,0,4
09-01-11 12:58,2,4,-2,0,4
09-01-11 12:59,2,4,-2,0,4
09-01-11 13:00,2,4,-2,0,4
09-01-11 13:01,2,4,-2,0,4
09-01-11 13:02,2,4,-2,0,4
09-01-11 13:03,2,4,-2,0,4
09-01-11 13:04,2,4,-2,0,4
09-01-11 13:05,2,4,-2,0,4
09-01-11 13:06,2,4,-2,0,4
09-01-11 13:07,2,4,-2,0,4
09-01-11 13:08,2,4,-2,0,4
09-01-11 13:09,2,4,-2,0,4
09-01-11 13:10,2,4,-2,0,4
09-01-11 13:11,2,4,-2,0,4
09-01-11 13:12,2,4,-2,0,4
09-01-11 13:13,2,4,-2,0,4
09-01-11 13:14,2,4,-2,0,4
09-01-11 13:15,2,4,-2,0,4
09-01-11 13:16,2,4,-2,0,4
09-01-11 13:17,2,4,-2,0,4
09-01-11 13:18,2,4,-2,0,4
09-01-11 13:19,2,4,-2,0,4
09-01-11 13:20,2,4,-2,0,4
09-01-11 13:21,2,4,-2,0,4
09-01-11 13:22,2,4,-2,0,4
09-01-11 13:23,2,4,-2,0,4
09-01-11 13:24,2,4,-2,0,4
09-01-11 13:25,2,4,-2,0,4
09-01-11 13:26,2,4,-2,0,4
09-01-11 13:27,2,4,-2,0,4
09-01-11 13:28,2,4,-2,0,4
09-01-11 13:29,2,4,-2,0,4
09-01-11 13:30,2,4,-2,0,4
09-01-11 13:31,2,4,-2,0,4
09-01-11 13:32,2,4,-2,0,4
09-01-11 13:33,2,4,-2,0,4
09-01-11 13:34,2,4,-2,0,4
09-01-11 13:35,2,4,-2,0,4
09-01-11 13:36,2,4,-2,0,4
09-01-11 13:37,2,4,-2,0,4
09-01-11 13:38,2,4,-2,0,4
09-01-11 13:39,2,4,-2,0,4
09-01-11 13:40,2,4,-2,0,4
09-01-11 13:41,2,4,-2,0,4
09-01-11 13:42,2,4,-2,0,4
09-01-11 13:43,2,4,-2,0,4
09-01-11 13:44,2,4,-2,0,4
09-01-11 13:45,2,4,-2,0,4
09-01-11 13:46,2,4,-2,0,4
09-01-11 13:47,2,4,-2,0,4
09-01-11 13:48,2,4,-2,0,4
09-01-11 13:49,2,4,-2,0,4
09-01-11 13:50,2,4,-2,0,4
09-01-11 13:51,2,4,-2,0,4
09-01-11 13:52,2,4,-2,0,4
09-01-11 13:53,2,4,-2,0,4
09-01-11 13:54,2,4,-2,0,4
09-01-11 13:55,2,4,-2,0,4
09-01-11 13:56,2,4,-2,0,4
09-01-11 13:57,2,4,-2,0,4
09-01-11 13:58,2,4,-2,0,4
09-01-11 13:59,2,4,-2,0,4
09-01-11 14:00,2,4,-2,0,4
09-01-11 14:01,2,4,-2,0,4
09-01-11 14:02,2,4,-2,0,4
09-01-11 14:03,2,4,-2,0,4
09-01-11 14:04,2,4,-2,0,4
09-01-11 14:05,2,4,-2,0,4
09-01-11 14:06,2,4,-2,0,4
09-01-11 14:07,2,4,-2,0,4
09-01-11 14:08,2,4,-2,0,4
09-01-11 14:09,2,4,-2,0,4
09-01-11 14:10,2,4,-2,0,4
09-01-11 14:11,2,4,-2,0,4
09-01-11 14:12,2,4,-2,0,4
09-01-11 14:13,2,4,-2,0,4
09-01-11 14:14,2,4,-2,0,4
09-01-11 14:15,2,4,-2,0,4
09-01-11 14:16,2,4,-2,0,4
09-01-11 14:17,2,4,-2,0,4
09-01-11 14:18,2,4,-2,0,4
09-01-11 14:19,2,4,-2,0,4
09-01-11 14:20,2,4,-2,0,4
09-01-11 14:21,2,4,-2,0,4
09-01-11 14:22,2,4,-2,0,4
09-01-11 14:23,2,4,-2,0,4
09-01-11 14:24,2,4,-2,0,4
09-01-11 14:25,2,4,-2,0,4
09-01-11 14:26,2,4,-2,0,4
09-01-11 14:27,2,4,-2,0,4
09-01-11 14:28,1.989167,4,-2.010833,0,4
09-01-11 14:29,1.978334,4,-2.021666,0,4
09-01-11 14:30,1.967501,4,-2.032499,0,4
09-01-11 14:31,1.956668,4,-2.043332,0,4
09-01-11 14:32,1.945835,4,-2.054165,0,4
09-01-11 14:33,1.935002,4,-2.064998,0,4
09-01-11 14:34,1.924169,4,-2.075831,0,4
09-01-11 14:35,1.913336,4,-2.086664,0,4
09-01-11 14:36,1.902503,4,-2.097497,0,4
09-01-11 14:37,1.89167,4,-2.10833,0,4
09-01-11 14:38,1.880837,4,-2.119163,0,4
09-01-11 14:39,1.870004,4,-2.129996,0,4
09-01-11 14:40,1.859171,4,-2.140829,0,4
09-01-11 14:41,1.848338,4,-2.151662,0,4
09-01-11 14:42,1.837505,4,-2.162495,0,4
09-01-11 14:43,1.826672,4,-2.173328,0,4
09-01-11 14:44,1.815839,4,-2.184161,0,4
09-01-11 14:45,1.805006,4,-2.194994,0,4
09-01-11 14:46,1.794173,4,-2.205827,0,4
09-01-11 14:47,1.78334,4,-2.21666,0,4
09-01-11 14:48,1.772507,4,-2.227493,0,4
09-01-11 14:49,1.761674,4,-2.238326,0,4
09-01-11 14:50,1.750841,4,-2.249159,0,4
09-01-11 14:51,1.740008,4,-2.259992,0,4
09-01-11 14:52,1.729175,4,-2.270825,0,4
09-01-11 14:53,1.718342,4,-2.281658,0,4
09-01-11 14:54,1.707509,4,-2.292491,0,4
09-01-11 14:55,1.696676,4,-2.303324,0,4
09-01-11 14:56,1.685843,4,-2.314157,0,4
09-01-11 14:57,1.67501,4,-2.32499,0,4
09-01-11 14:58,1.664177,4,-2.335823,0,4
09-01-11 14:59,1.653344,4,-2.346656,0,4
09-01-11 15:00,1.642511,4,-2.357489,0,4
09-01-11 15:01,1.631678,4,-2.368322,0,4
09-01-11 15:02,1.620845,4,-2.379155,0,4
09-01-11 15:03,1.610012,4,-2.389988,0,4
09-01-11 15:04,1.599179,4,-2.400821,0,4
09-01-11 15:05,1.588346,4,-2.411654,0,4
09-01-11 15:06,1.577513,4,-2.422487,0,4
09-01-11 15:07,1.56668,4,-2.43332,0,4
09-01-11 15:08,1.555847,4,-2.444153,0,4
09-01-11 15:09,1.545014,4,-2.454986,0,4
09-01-11 15:10,1.534181,4,-2.465819,0,4
09-01-11 15:11,1.523348,4,-2.476652,0,4
09-01-11 15:12,1.512515,4,-2.487485,0,4
09-01-11 15:13,1.501682,4,-2.498318,0,4
09-01-11 15:14,1.490849,4,-2.509151,0,4
09-01-11 15:15,1.480016,4,-2.519984,0,4
09-01-11 15:16,1.469183,4,-2.530817,0,4
09-01-11 15:17,1.45835,4,-2.54165,0,4
09-01-11 15:18,1.447517,4,-2.552483,0,4
09-01-11 15:19,1.436684,4,-2.563316,0,4
09-01-11 15:20,1.425851,4,-2.574149,0,4
09-01-11 15:21,1.415018,4,-2.584982,0,4
09-01-11 15:22,1.404185,4,-2.595815,0,4
09-01-11 15:23,1.393352,4,-2.606648,0,4
09-01-11 15:24,1.382519,4,-2.617481,0,4
09-01-11 15:25,1.371686,4,-2.628314,0,4
09-01-11 15:26,1.360853,4,-2.639147,0,4
09-01-11 15:27,1.35002,4,-2.64998,0,4
09-01-11 15:28,1.35002,4,-2.64998,0,4
09-01-11 15:29,1.35002,4,-2.64998,0,4
09-01-11 15:30,1.35002,4,-2.64998,0,4
09-01-11 15:31,1.35002,4,-2.64998,0,4
09-01-11 15:32,1.35002,4,-2.64998,0,4
09-01-11 15:33,1.35002,4,-2.64998,0,4
09-01-11 15:34,1.35002,4,-2.64998,0,4
09-01-11 15:35,1.35002,4,-2.64998,0,4
09-01-11 15:36,1.35002,4,-2.64998,0,4
09-01-11 15:37,1.35002,4,-2.64998,0,4
09-01-11 15:38,1.35002,4,-2.64998,0,4
09-01-11 15:39,1.35002,4,-2.64998,0,4
09-01-11 15:40,1.35002,4,-2.64998,0,4
09-01-11 15:41,1.35002,4,-2.64998,0,4
09-01-11 15:42,1.35002,4,-2.64998,0,4
09-01-11 15:43,1.35002,4,-2.64998,0,4
09-01-11 15:44,1.35002,4,-2.64998,0,4
09-01-11 15:45,1.35002,4,-2.64998,0,4
09-01-11 15:46,1.35002,4,-2.64998,0,4
09-01-11 15:47,1.35002,4,-2.64998,0,4
09-01-11 15:48,1.35002,4,-2.64998,0,4
09-01-11 15:49,1.35002,4,-2.64998,0,4
09-01-11 15:50,1.35002,4,-2.64998,0,4
09-01-11 15:51,1.35002,4,-2.64998,0,4
09-01-11 15:52,1.35002,4,-2.64998,0,4
09-01-11 15:53,1.35002,4,-2.64998,0,4
09-01-11 15:54,1.35002,4,-2.64998,0,4
09-01-11 15:55,1.35002,4,-2.64998,0,4
09-01-11 15:56,1.35002,4,-2.64998,0,4
09-01-11 15:57,1.35002,4,-2.64998,0,4
09-01-11 15:58,1.35002,4,-2.64998,0,4
09-01-11 15:59,1.35002,4,-2.64998,0,4
09-01-11 16:00,1.35002,4,-2.64998,0,4
09-01-11 16:01,1.35002,4,-2.64998,0,4
09-01-11 16:02,1.35002,4,-2.64998,0,4
09-01-11 16:03,1.35002,4,-2.64998,0,4
09-01-11 16:04,1.35002,4,-2.64998,0,4
09-01-11 16:05,1.35002,4,-2.64998,0,4
09-01-11 16:06,1.35002,4,-2.64998,0,4
09-01-11 16:07,1.35002,4,-2.64998,0,4
09-01-11 16:08,1.35002,4,-2.64998,0,4
09-01-11 16:09,1.35002,4,-2.64998,0,4
09-01-11 16:10,1.35002,4,-2.64998,0,4
09-01-11 16:11,1.35002,4,-2.64998,0,4
09-01-11 16:12,1.35002,4,-2.64998,0,4
09-01-11 16:13,1.35002,4,-2.64998,0,4
09-01-11 16:14,1.35002,4,-2.64998,0,4
09-01-11 16:15,1.35002,4,-2.64998,0,4
09-01-11 16:16,1.35002,4,-2.64998,0,4
09-01-11 16:17,1.35002,4,-2.64998,0,4
09-01-11 16:18,1.35002,4,-2.64998,0,4
09-01-11 16:19,1.35002,4,-2.64998,0,4
09-01-11 16:20,1.35002,4,-2.64998,0,4
09-01-11 16:21,1.35002,4,-2.64998,0,4
09-01-11 16:22,1.35002,4,-2.64998,0,4
09-01-11 16:23,1.35002,4,-2.64998,0,4
09-01-11 16:24,1.35002,4,-2.64998,0,4
09-01-11 16:25,1.35002,4,-2.64998,0,4
09-01-11 16:26,1.35002,4,-2.64998,0,4
09-01-11 16:27,1.35002,4,-2.64998,0,4
09-01-11 16:28,1.35002,4,-2.64998,0,4
09-01-11 16:29,1.35002,4,-2.64998,0,4
09-01-11 16:30,1.35002,4,-2.64998,0,4
09-01-11 16:31,1.35002,4,-2.64998,0,4
09-01-11 16:32,1.35002,4,-2.64998,0,4
09-01-11 16:33,1.35002,4,-2.64998,0,4
09-01-11 16:34,1.35002,4,-2.64998,0,4
09-01-11 16:35,1.35002,4,-2.64998,0,4
09-01-11 16:36,1.35002,4,-2.64998,0,4
09-01-11 16:37,1.35002,4,-2.64998,0,4
09-01-11 16:38,1.35002,4,-2.64998,0,4
09-01-11 16:39,1.35002,4,-2.64998,0,4
09-01-11 16:40,1.35002,4,-2.64998,0,4
09-01-11 16:41,1.35002,4,-2.64998,0,4
09-01-11 16:42,1.35002,4,-2.64998,0,4
09-01-11 16:43,1.35002,4,-2.64998,0,4
09-01-11 16:44,1.35002,4,-2.64998,0,4
09-01-11 16:45,1.35002,4,-2.64998,0,4
09-01-11 16:46,1.35002,4,-2.64998,0,4
09-01-11 16:47,1.35002,4,-2.64998,0,4
09-01-11 16:48,1.35002,4,-2.64998,0,4
09-01-11 16:49,1.35002,4,-2.64998,0,4
09-01-11 16:50,1.35002,4,-2.64998,0,4
09-01-11 16:51,1.35002,4,-2.64998,0,4
09-01-11 16:52,1.35002,4,-2.64998,0,4
09-01-11 16:53,1.35002,4,-2.64998,0,4
09-01-11 16:54,1.35002,4,-2.64998,0,4
09-01-11 16:55,1.35002,4,-2.64998,0,4
09-01-11 16:56,1.35002,4,-2.64998,0,4
09-01-11 16:57,1.35002,4,-2.64998,0,4
09-01-11 16:58,1.35002,4,-2.64998,0,4
09-01-11 16:59,1.35002,4,-2.64998,0,4
09-01-11 17:00,1.35002,4,-2.64998,0,4
09-01-11 17:01,1.35002,4,-2.64998,0,4
09-01-11 17:02,1.35002,4,-2.64998,0,4
09-01-11 17:03,1.35002,4,-2.64998,0,4
09-01-11 17:04,1.35002,4,-2.64998,0,4
09-01-11 17:05,1.35002,4,-2.64998,0,4
09-01-11 17:06,1.35002,4,-2.64998,0,4
09-01-11 17:07,1.35002,4,-2.64998,0,4
09-01-11 17:08,1.35002,4,-2.64998,0,4
09-01-11 17:09,1.35002,4,-2.64998,0,4
09-01-11 17:10,1.35002,4,-2.64998,0,4
09-01-11 17:11,1.35002,4,-2.64998,0,4
09-01-11 17:12,1.35002,4,-2.64998,0,4
09-01-11 17:13,1.35002,4,-2.64998,0,4
09-01-11 17:14,1.35002,4,-2.64998,0,4
09-01-11 17:15,1.35002,4,-2.64998,0,4
09-01-11 17:16,1.35002,4,-2.64998,0,4
09-01-11 17:17,1.35002,4,-2.64998,0,4
09-01-11 17:18,1.35002,4,-2.64998,0,4
09-01-11 17:19,1.35002,4,-2.64998,0,4
09-01-11 17:20,1.35002,4,-2.64998,0,4
09-01-11 17:21,1.35002,4,-2.64998,0,4
09-01-11 17:22,1.35002,4,-2.64998,0,4
09-01-11 17:23,1.35002,4,-2.64998,0,4
09-01-11 17:24,1.35002,4,-2.64998,0,4
09-01-11 17:25,1.35002,4,-2.64998,0,4
09-01-11 17:26,1.35002,4,-2.64998,0,4
09-01-11 17:27,1.35002,4,-2.64998,0,4
09-01-11 17:28,1.35002,4,-2.64998,0,4
09-01-11 17:29,1.35002,4,-2.64998,0,4
09-01-11 17:30,1.35002,4,-2.64998,0,4
09-01-11 17:31,1.35002,4,-2.64998,0,4
09-01-11 17:32,1.35002,4,-2.64998,0,4
09-01-11 17:33,1.35002,4,-2.64998,0,4
09-01-11 17:34,1.35002,4,-2.64998,0,4
09-01-11 17:35,1.35002,4,-2.64998,0,4
09-01-11 17:36,1.35002,4,-2.64998,0,4
09-01-11 17:37,1.35002,4,-2.64998,0,4
09-01-11 17:38,1.35002,4,-2.64998,0,4
09-01-11 17:39,1.35002,4,-2.64998,0,4
09-01-11 17:40,1.35002,4,-2.64998,0,4
09-01-11 17:41,1.35002,4,-2.64998,0,4
09-01-11 17:42,1.35002,4,-2.64998,0,4
09-01-11 17:43,1.35002,4,-2.64998,0,4
09-01-11 17:44,1.35002,4,-2.64998,0,4
09-01-11 17:45,1.35002,4,-2.64998,0,4
09-01-11 17:46,1.35002,4,-2.64998,0,4
09-01-11 17:47,1.35002,4,-2.64998,0,4
09-01-11 17:48,1.35002,4,-2.64998,0,4
09-01-11 17:49,1.35002,4,-2.64998,0,4
09-01-11 17:50,1.35002,4,-2.64998,0,4
09-01-11 17:51,1.35002,4,-2.64998,0,4
09-01-11 17:52,1.35002,4,-2.64998,0,4
09-01-11 17:53,1.35002,4,-2.64998,0,4
09-01-11 17:54,1.35002,4,-2.64998,0,4
09-01-11 17:55,1.35002,4,-2.64998,0,4
09-01-11 17:56,1.35002,4,-2.64998,0,4
09-01-11 17:57,1.35002,4,-2.64998,0,4
09-01-11 17:58,1.35002,4,-2.64998,0,4
09-01-11 17:59,1.35002,4,-2.64998,0,4
09-01-11 18:00,1.35002,4,-2.64998,0,4
09-01-11 18:01,1.35002,4,-2.64998,0,4
09-01-11 18:02,1.35002,4,-2.64998,0,4
09-01-11 18:03,1.35002,4,-2.64998,0,4
09-01-11 18:04,1.35002,4,-2.64998,0,4
09-01-11 18:05,1.35002,4,-2.64998,0,4
09-01-11 18:06,1.35002,4,-2.64998,0,4
09-01-11 18:07,1.35002,4,-2.64998,0,4
09-01-11 18:08,1.35002,4,-2.64998,0,4
09-01-11 18:09,1.35002,4,-2.64998,0,4
09-01-11 18:10,1.35002,4,-2.64998,0,4
09-01-11 18:11,1.35002,4,-2.64998,0,4
09-01-11 18:12,1.35002,4,-2.64998,0,4
09-01-11 18:13,1.35002,4,-2.64998,0,4
09-01-11 18:14,1.35002,4,-2.64998,0,4
09-01-11 18:15,1.35002,4,-2.64998,0,4
09-01-11 18:16,1.35002,4,-2.64998,0,4
09-01-11 18:17,1.35002,4,-2.64998,0,4
09-01-11 18:18,1.35002,4,-2.64998,0,4
09-01-11 18:19,1.35002,4,-2.64998,0,4
09-01-11 18:20,1.35002,4,-2.64998,0,4
09-01-11 18:21,1.35002,4,-2.64998,0,4
09-01-11 18:22,1.35002,4,-2.64998,0,4
09-01-11 18:23,1.35002,4,-2.64998,0,4
09-01-11 18:24,1.35002,4,-2.64998,0,4
09-01-11 18:25,1.35002,4,-2.64998,0,4
09-01-11 18:26,1.35002,4,-2.64998,0,4
09-01-11 18:27,1.35002,4,-2.64998,0,4
09-01-11 18:28,1.35002,4,-2.64998,0,4
09-01-11 18:29,1.35002,4,-2.64998,0,4
09-01-11 18:30,1.35002,4,-2.64998,0,4
09-01-11 18:31,1.35002,4,-2.64998,0,4
09-01-11 18:32,1.35002,4,-2.64998,0,4
09-01-11 18:33,1.35002,4,-2.64998,0,4
09-01-11 18:34,1.35002,4,-2.64998,0,4
09-01-11 18:35,1.35002,4,-2.64998,0,4
09-01-11 18:36,1.35002,4,-2.64998,0,4
09-01-11 18:37,1.35002,4,-2.64998,0,4
09-01-11 18:38,1.35002,4,-2.64998,0,4
09-01-11 18:39,1.35002,4,-2.64998,0,4
09-01-11 18:40,1.35002,4,-2.64998,0,4
09-01-11 18:41,1.35002,4,-2.64998,0,4
09-01-11 18:42,1.35002,4,-2.64998,0,4
09-01-11 18:43,1.35002,4,-2.64998,0,4
09-01-11 18:44,1.35002,4,-2.64998,0,4
09-01-11 18:45,1.35002,4,-2.64998,0,4
09-01-11 18:46,1.35002,4,-2.64998,0,4
09-01-11 18:47,1.35002,4,-2.64998,0,4
09-01-11 18:48,1.35002,4,-2.64998,0,4
09-01-11 18:49,1.35002,4,-2.64998,0,4
09-01-11 18:50,1.35002,4,-2.64998,0,4
09-01-11 18:51,1.35002,4,-2.64998,0,4
09-01-11 18:52,1.35002,4,-2.64998,0,4
09-01-11 18:53,1.35002,4,-2.64998,0,4
09-01-11 18:54,1.35002,4,-2.64998,0,4
09-01-11 18:55,1.35002,4,-2.64998,0,4
09-01-11 18:56,1.35002,4,-2.64998,0,4
09-01-11 18:57,1.35002,4,-2.64998,0,4
09-01-11 18:58,1.35002,4,-2.64998,0,4
09-01-11 18:59,1.35002,4,-2.64998,0,4
09-01-11 19:00,1.35002,4,-2.64998,0,4
09-01-11 19:01,1.35002,4,-2.64998,0,4
09-01-11 19:02,1.35002,4,-2.64998,0,4
09-01-11 19:03,1.35002,4,-2.64998,0,4
09-01-11 19:04,1.35002,4,-2.64998,0,4
09-01-11 19:05,1.35002,4,-2.64998,0,4
09-01-11 19:06,1.35002,4,-2.64998,0,4
09-01-11 19:07,1.35002,4,-2.64998,0,4
09-01-11 19:08,1.395645,4,-2.604355,0,4
09-01-11 19:09,1.44127,4,-2.55873,0,4
09-01-11 19:10,1.486895,4,-2.513105,0,4
09-01-11 19:11,1.53252,4,-2.46748,0,4
09-01-11 19:12,1.578145,4,-2.421855,0,4
09-01-11 19:13,1.62377,4,-2.37623,0,4
09-01-11 19:14,1.669395,4,-2.330605,0,4
09-01-11 19:15,1.71502,4,-2.28498,0,4
09-01-11 19:16,1.760645,4,-2.239355,0,4
09-01-11 19:17,1.80627,4,-2.19373,0,4
09-01-11 19:18,1.851895,4,-2.148105,0,4
09-01-11 19:19,1.89752,4,-2.10248,0,4
09-01-11 19:20,1.943145,4,-2.056855,0,4
09-01-11 19:21,1.98877,4,-2.01123,0,4
09-01-11 19:22,2.034395,4,-1.965605,0,4
09-01-11 19:23,2.08002,4,-1.91998,0,4
09-01-11 19:24,2.125645,4,-1.874355,0,4
09-01-11 19:25,2.17127,4,-1.82873,0,4
09-01-11 19:26,2.216895,4,-1.783105,0,4
09-01-11 19:27,2.26252,4,-1.73748,0,4
09-01-11 19:28,2.308145,4,-1.691855,0,4
09-01-11 19:29,2.35377,4,-1.64623,0,4
09-01-11 19:30,2.399395,4,-1.600605,0,4
09-01-11 19:31,2.44502,4,-1.55498,0,4
09-01-11 19:32,2.490645,4,-1.509355,0,4
09-01-11 19:33,2.53627,4,-1.46373,0,4
09-01-11 19:34,2.581895,4,-1.418105,0,4
09-01-11 19:35,2.62752,4,-1.37248,0,4
09-01-11 19:36,2.673145,4,-1.326855,0,4
09-01-11 19:37,2.71877,4,-1.28123,0,4
09-01-11 19:38,2.764395,4,-1.235605,0,4
09-01-11 19:39,2.81002,4,-1.18998,0,4
09-01-11 19:40,2.855645,4,-1.144355,0,4
09-01-11 19:41,2.90127,4,-1.09873,0,4
09-01-11 19:42,2.946895,4,-1.053105,0,4
09-01-11 19:43,2.99252,4,-1.00748,0,4
09-01-11 19:44,3.038145,4,-0.961855,0,4
09-01-11 19:45,3.08377,4,-0.91623,0,4
09-01-11 19:46,3.129395,4,-0.870605,0,4
09-01-11 19:47,3.17502,4,-0.82498,0,4
09-01-11 19:48,3.220645,4,-0.779355,0,4
09-01-11 19:49,3.26627,4,-0.73373,0,4
09-01-11 19:50,3.311895,4,-0.688105,0,4
09-01-11 19:51,3.35752,4,-0.64248,0,4
09-01-11 19:52,3.403145,4,-0.596855,0,4
09-01-11 19:53,3.44877,4,-0.55123,0,4
09-01-11 19:54,3.494395,4,-0.505605,0,4
09-01-11 19:55,3.54002,4,-0.45998,0,4
09-01-11 19:56,3.585645,4,-0.414355,0,4
09-01-11 19:57,3.63127,4,-0.36873,0,4
09-01-11 19:58,3.676895,4,-0.323105,0,4
09-01-11 19:59,3.72252,4,-0.27748,0,4
09-01-11 20:00,3.768145,4,-0.231855,0,4
09-01-11 20:01,3.81377,4,-0.18623,0,4
09-01-11 20:02,3.859395,4,-0.140605,0,4
09-01-11 20:03,3.90502,4,-0.09498,0,4
09-01-11 20:04,3.950645,4,-0.049355,0,4
09-01-11 20:05,3.99627,4,-0.00373,0,4
09-01-11 20:06,4.041895,4,0.041895,0,4
09-01-11 20:07,4.08752,4,0.08752,0,4
09-01-11 20:08,4.133145,4,0.133145,0,4
09-01-11 20:09,4.17877,4,0.17877,0,4
09-01-11 20:10,4.224395,4,0.224395,0,4
09-01-11 20:11,4.27002,4,0.27002,0,4
09-01-11 20:12,4.315645,4,0.315645,0,4
09-01-11 20:13,4.36127,4,0.36127,0,4
09-01-11 20:14,4.406895,4,0.406895,0,4
09-01-11 20:15,4.45252,4,0.45252,0,4
09-01-11 20:16,4.498145,4,0.498145,0,4
09-01-11 20:17,4.54377,4,0.54377,0,4
09-01-11 20:18,4.589395,4,0.589395,0,4
09-01-11 20:19,4.63502,4,0.63502,0,4
09-01-11 20:20,4.680645,4,0.680645,0,4
09-01-11 20:21,4.72627,4,0.72627,0,4
09-01-11 20:22,4.771895,4,0.771895,0,4
09-01-11 20:23,4.81752,4,0.81752,0,4
09-01-11 20:24,4.863145,4,0.863145,0,4
09-01-11 20:25,4.90877,4,0.90877,0,4
09-01-11 20:26,4.954395,4,0.954395,0,4
09-01-11 20:27,5,4,1,0,4
09-01-11 20:28,5,4,1,0,4
09-01-11 20:29,5,4,1,0,4
09-01-11 20:30,5,4,1,0,4
09-01-11 20:31,5,4,1,0,4
09-01-11 20:32,5,4,1,0,4
09-01-11 20:33,5,4,1,0,4
09-01-11 20:34,5,4,1,0,4
09-01-11 20:35,5,4,1,0,4
09-01-11 20:36,5,4,1,0,4
09-01-11 20:37,5,4,1,0,4
09-01-11 20:38,5,4,1,0,4
09-01-11 20:39,5,4,1,0,4
09-01-11 20:40,5,4,1,0,4
09-01-11 20:41,5,4,1,0,4
09-01-11 20:42,5,4,1,0,4
09-01-11 20:43,5,4,1,0,4
09-01-11 20:44,5,4,1,0,4
09-01-11 20:45,5,4,1,0,4
09-01-11 20:46,5,4,1,0,4
09-01-11 20:47,5,4,1,0,4
09-01-11 20:48,5,4,1,0,4
09-01-11 20:49,5,4,1,0,4
09-01-11 20:50,5,4,1,0,4
09-01-11 20:51,5,4,1,0,4
09-01-11 20:52,5,4,1,0,4
09-01-11 20:53,5,4,1,0,4
09-01-11 20:54,5,4,1,0,4
09-01-11 20:55,5,4,1,0,4
09-01-11 20:56,5,4,1,0,4
09-01-11 20:57,5,4,1,0,4
09-01-11 20:58,5,4,1,0,4
09-01-11 20:59,5,4,1,0,4
09-01-11 21:00,5,4,1,0,4
09-01-11 21:01,5,4,1,0,4
09-01-11 21:02,5,4,1,0,4
09-01-11 21:03,5,4,1,0,4
09-01-11 21:04,5,4,1,0,4
09-01-11 21:05,5,4,1,0,4
09-01-11 21:06,5,4,1,0,4
09-01-11 21:07,5,4,1,0,4
09-01-11 21:08,5,4,1,0,4
09-01-11 21:09,5,4,1,0,4
09-01-11 21:10,5,4,1,0,4
09-01-11 21:11,5,4,1,0,4
09-01-11 21:12,5,4,1,0,4
09-01-11 21:13,5,4,1,0,4
09-01-11 21:14,5,4,1,0,4
09-01-11 21:15,5,4,1,0,4
09-01-11 21:16,5,4,1,0,4
09-01-11 21:17,5,4,1,0,4
09-01-11 21:18,5,4,1,0,4
09-01-11 21:19,5,4,1,0,4
09-01-11 21:20,5,4,1,0,4
09-01-11 21:21,5,4,1,0,4
09-01-11 21:22,5,4,1,0,4
09-01-11 21:23,5,4,1,0,4
09-01-11 21:24,5,4,1,0,4
09-01-11 21:25,5,4,1,0,4
09-01-11 21:26,5,4,1,0,4
09-01-11 21:27,5,4,1,0,4
09-01-11 21:28,5,4,1,0,4
09-01-11 21:29,5,4,1,0,4
09-01-11 21:30,5,4,1,0,4
09-01-11 21:31,5,4,1,0,4
09-01-11 21:32,5,4,1,0,4
09-01-11 21:33,5,4,1,0,4
09-01-11 21:34,5,4,1,0,4
09-01-11 21:35,5,4,1,0,4
09-01-11 21:36,5,4,1,0,4
09-01-11 21:37,5,4,1,0,4
09-01-11 21:38,5,4,1,0,4
09-01-11 21:39,5,4,1,0,4
09-01-11 21:40,5,4,1,0,4
09-01-11 21:41,5,4,1,0,4
09-01-11 21:42,5,4,1,0,4
09-01-11 21:43,5,4,1,0,4
09-01-11 21:44,5,4,1,0,4
09-01-11 21:45,5,4,1,0,4
09-01-11 21:46,5,4,1,0,4
09-01-11 21:47,5,4,1,0,4
09-01-11 21:48,5,4,1,0,4
09-01-11 21:49,5,4,1,0,4
09-01-11 21:50,5,4,1,0,4
09-01-11 21:51,5,4,1,0,4
09-01-11 21:52,5,4,1,0,4
09-01-11 21:53,5,4,1,0,4
09-01-11 21:54,5,4,1,0,4
09-01-11 21:55,5,4,1,0,4
09-01-11 21:56,5,4,1,0,4
09-01-11 21:57,5,4,1,0,4
09-01-11 21:58,5,4,1,0,4
09-01-11 21:59,5,4,1,0,4
09-01-11 22:00,5,4,1,0,4
09-01-11 22:01,5,4,1,0,4
09-01-11 22:02,5,4,1,0,4
09-01-11 22:03,5,4,1,0,4
09-01-11 22:04,5,4,1,0,4
09-01-11 22:05,5,4,1,0,4
09-01-11 22:06,5,4,1,0,4
09-01-11 22:07,5,4,1,0,4
09-01-11 22:08,5,4,1,0,4
09-01-11 22:09,5,4,1,0,4
09-01-11 22:10,5,4,1,0,4
09-01-11 22:11,5,4,1,0,4
09-01-11 22:12,5,4,1,0,4
09-01-11 22:13,5,4,1,0,4
09-01-11 22:14,5,4,1,0,4
09-01-11 22:15,5,4,1,0,4
09-01-11 22:16,5,4,1,0,4
09-01-11 22:17,5,4,1,0,4
09-01-11 22:18,5,4,1,0,4
09-01-11 22:19,5,4,1,0,4
09-01-11 22:20,5,4,1,0,4
09-01-11 22:21,5,4,1,0,4
09-01-11 22:22,5,4,1,0,4
09-01-11 22:23,5,4,1,0,4
09-01-11 22:24,5,4,1,0,4
09-01-11 22:25,5,4,1,0,4
09-01-11 22:26,5,4,1,0,4
09-01-11 22:27,5,4,1,0,4
09-01-11 22:28,5,4,1,0,4
09-01-11 22:29,5,4,1,0,4
09-01-11 22:30,5,4,1,0,4
09-01-11 22:31,5,4,1,0,4
09-01-11 22:32,5,4,1,0,4
09-01-11 22:33,5,4,1,0,4
09-01-11 22:34,5,4,1,0,4
09-01-11 22:35,5,4,1,0,4
09-01-11 22:36,5,4,1,0,4
09-01-11 22:37,5,4,1,0,4
09-01-11 22:38,5,4,1,0,4
09-01-11 22:39,5,4,1,0,4
09-01-11 22:40,5,4,1,0,4
09-01-11 22:41,5,4,1,0,4
09-01-11 22:42,5,4,1,0,4
09-01-11 22:43,5,4,1,0,4
09-01-11 22:44,5,4,1,0,4
09-01-11 22:45,5,4,1,0,4
09-01-11 22:46,5,4,1,0,4
09-01-11 22:47,5,4,1,0,4
09-01-11 22:48,5,4,1,0,4
09-01-11 22:49,5,4,1,0,4
09-01-11 22:50,5,4,1,0,4
09-01-11 22:51,5,4,1,0,4
09-01-11 22:52,5,4,1,0,4
09-01-11 22:53,5,4,1,0,4
09-01-11 22:54,5,4,1,0,4
09-01-11 22:55,5,4,1,0,4
09-01-11 22:56,5,4,1,0,4
09-01-11 22:57,5,4,1,0,4
09-01-11 22:58,5,4,1,0,4
09-01-11 22:59,5,4,1,0,4
09-01-11 23:00,5,4,1,0,4
09-01-11 23:01,5,4,1,0,4
09-01-11 23:02,5,4,1,0,4
09-01-11 23:03,5,4,1,0,4
09-01-11 23:04,5,4,1,0,4
09-01-11 23:05,5,4,1,0,4
09-01-11 23:06,5,4,1,0,4
09-01-11 23:07,5,4,1,0,4
09-01-11 23:08,5,4,1,0,4
09-01-11 23:09,5,4,1,0,4
09-01-11 23:10,5,4,1,0,4
09-01-11 23:11,5,4,1,0,4
09-01-11 23:12,5,4,1,0,4
09-01-11 23:13,5,4,1,0,4
09-01-11 23:14,5,4,1,0,4
09-01-11 23:15,5,4,1,0,4
09-01-11 23:16,5,4,1,0,4
09-01-11 23:17,5,4,1,0,4
09-01-11 23:18,5,4,1,0,4
09-01-11 23:19,5,4,1,0,4
09-01-11 23:20,5,4,1,0,4
09-01-11 23:21,5,4,1,0,4
09-01-11 23:22,5,4,1,0,4
09-01-11 23:23,5,4,1,0,4
09-01-11 23:24,5,4,1,0,4
09-01-11 23:25,5,4,1,0,4
09-01-11 23:26,5,4,1,0,4
09-01-11 23:27,5,4,1,0,4
09-01-11 23:28,4.967,4,0.967,0,4
09-01-11 23:29,4.934,4,0.934,0,4
09-01-11 23:30,4.901,4,0.901,0,4
09-01-11 23:31,4.868,4,0.868,0,4
09-01-11 23:32,4.835,4,0.835,0,4
09-01-11 23:33,4.802,4,0.802,0,4
09-01-11 23:34,4.769,4,0.769,0,4
09-01-11 23:35,4.736,4,0.736,0,4
09-01-11 23:36,4.703,4,0.703,0,4
09-01-11 23:37,4.67,4,0.67,0,4
09-01-11 23:38,4.637,4,0.637,0,4
09-01-11 23:39,4.604,4,0.604,0,4
09-01-11 23:40,4.571,4,0.571,0,4
09-01-11 23:41,4.538,4,0.538,0,4
09-01-11 23:42,4.505,4,0.505,0,4
09-01-11 23:43,4.472,4,0.472,0,4
09-01-11 23:44,4.439,4,0.439,0,4
09-01-11 23:45,4.406,4,0.406,0,4
09-01-11 23:46,4.373,4,0.373,0,4
09-01-11 23:47,4.34,4,0.34,0,4
09-01-11 23:48,4.307,4,0.307,0,4
09-01-11 23:49,4.274,4,0.274,0,4
09-01-11 23:50,4.241,4,0.241,0,4
09-01-11 23:51,4.208,4,0.208,0,4
09-01-11 23:52,4.175,4,0.175,0,4
09-01-11 23:53,4.142,4,0.142,0,4
09-01-11 23:54,4.109,4,0.109,0,4
09-01-11 23:55,4.076,4,0.076,0,4
09-01-11 23:56,4.043,4,0.043,0,4
09-01-11 23:57,4.01,4,0.01,0,4
09-01-11 23:58,4,4,0,0,4
09-01-11 23:59,4,4,0,0,4
